{"cameraMode":{"drawMode":0,"name":"Shaded","section":"Shading Mode"},"sceneLighting":false,"audioPlay":false,"sceneViewState":{"m_AlwaysRefresh":false,"showFog":true,"showSkybox":false,"showFlares":true,"showImageEffects":true,"showParticleSystems":true,"showVisualEffectGraphs":true,"m_FxEnabled":true},"in2DMode":false,"pivot":{"x":7.940018653869629,"y":-6.3105292320251469,"z":-4.519833564758301},"rotation":{"x":-0.16457119584083558,"y":0.004166693892329931,"z":-0.0008035395294427872,"w":-0.9864542484283447},"size":1.394693374633789,"orthographic":true}