{"cameraMode":{"drawMode":0,"name":"Shaded","section":"Shading Mode"},"sceneLighting":true,"audioPlay":false,"sceneViewState":{"m_AlwaysRefresh":false,"showFog":true,"showSkybox":true,"showFlares":true,"showImageEffects":true,"showParticleSystems":true,"showVisualEffectGraphs":true,"m_FxEnabled":true},"in2DMode":false,"pivot":{"x":1.746342658996582,"y":1.654139757156372,"z":-0.0000017881393432617188},"rotation":{"x":0.06303617358207703,"y":0.5186489820480347,"z":-0.03827836737036705,"w":0.8519046306610107},"size":18.430805206298829,"orthographic":true}