{"cameraMode":{"drawMode":0,"name":"Shaded","section":"Shading Mode"},"sceneLighting":true,"audioPlay":false,"sceneViewState":{"m_AlwaysRefresh":false,"showFog":true,"showSkybox":true,"showFlares":true,"showImageEffects":true,"showParticleSystems":true,"showVisualEffectGraphs":true,"m_FxEnabled":true},"in2DMode":false,"pivot":{"x":28.374982833862306,"y":7.180283546447754,"z":-6.865774631500244},"rotation":{"x":-0.24361205101013184,"y":-0.13218988478183747,"z":0.03344098478555679,"w":-0.9603911638259888},"size":6.1232171058654789,"orthographic":false}