{"cameraMode":{"drawMode":0,"name":"Shaded","section":"Shading Mode"},"sceneLighting":false,"audioPlay":false,"sceneViewState":{"m_AlwaysRefresh":false,"showFog":true,"showSkybox":false,"showFlares":true,"showImageEffects":true,"showParticleSystems":true,"showVisualEffectGraphs":true,"m_FxEnabled":true},"in2DMode":false,"pivot":{"x":27.890403747558595,"y":1.0777418613433838,"z":-0.022327184677124025},"rotation":{"x":-0.16364222764968873,"y":0.023414112627506257,"z":-0.003944559022784233,"w":-0.9863704442977905},"size":0.8660253882408142,"orthographic":false}